"Name","total_seconds","target_state","growing_jump","edge_strategy"
"misunderstood-puddle-2647","116.49099802970886","sconf_image(""hard/peppers.png"")","5","EdgeStrategy.MIRROR"
"glorious-brook-2646","71.71300148963928","sconf_image(""hard/peppers.png"")","4","EdgeStrategy.TF_SAME"
"dry-microwave-2645","112.11199808120728","sconf_image(""hard/peppers.png"")","4","EdgeStrategy.MIRROR"
"giddy-moon-2644","63.778000354766846","sconf_image(""hard/peppers.png"")","3","EdgeStrategy.TF_SAME"
"skilled-durian-2643","101.82900094985962","sconf_image(""hard/peppers.png"")","3","EdgeStrategy.MIRROR"
"ancient-snow-2642","71.99800205230713","sconf_image(""hard/peppers.png"")","2","EdgeStrategy.TF_SAME"
"sunny-yogurt-2641","127.82523536682127","sconf_image(""hard/peppers.png"")","2","EdgeStrategy.MIRROR"
"twilight-snowflake-2640","95.90297532081604","sconf_image(""hard/peppers.png"")","1","EdgeStrategy.TF_SAME"
"vague-lake-2639","136.01787066459656","sconf_image(""hard/peppers.png"")","1","EdgeStrategy.MIRROR"
"fresh-smoke-2638","68.77899956703186","sconf_image(""hard/peppers.png"")","0","EdgeStrategy.TF_SAME"
"rural-totem-2637","134.5274772644043","sconf_image(""hard/peppers.png"")","0","EdgeStrategy.MIRROR"
"sunny-spaceship-2636","43.72061276435852","sconf_image(""hard/lena.png"")","14","EdgeStrategy.TF_SAME"
"dauntless-snowball-2635","64.55599856376648","sconf_image(""hard/lena.png"")","14","EdgeStrategy.MIRROR"
"feasible-energy-2634","92.11899876594543","sconf_image(""hard/lena.png"")","13","EdgeStrategy.TF_SAME"
"elated-durian-2633","109.95256280899048","sconf_image(""hard/lena.png"")","13","EdgeStrategy.MIRROR"
"noble-breeze-2632","62.817999839782715","sconf_image(""hard/lena.png"")","12","EdgeStrategy.TF_SAME"
"sweet-frost-2631","99.84499645233154","sconf_image(""hard/lena.png"")","12","EdgeStrategy.MIRROR"
"comfy-spaceship-2630","61.86000037193298","sconf_image(""hard/lena.png"")","11","EdgeStrategy.TF_SAME"
"treasured-mountain-2629","112.75399613380432","sconf_image(""hard/lena.png"")","11","EdgeStrategy.MIRROR"
"daily-pyramid-2628","55.83700108528137","sconf_image(""hard/lena.png"")","10","EdgeStrategy.TF_SAME"
"logical-music-2627","91.6473150253296","sconf_image(""hard/lena.png"")","10","EdgeStrategy.MIRROR"
"icy-resonance-2626","53.44399905204773","sconf_image(""hard/lena.png"")","9","EdgeStrategy.TF_SAME"
"toasty-lake-2625","86.21899890899658","sconf_image(""hard/lena.png"")","9","EdgeStrategy.MIRROR"
"olive-night-2624","67.21799778938293","sconf_image(""hard/lena.png"")","8","EdgeStrategy.TF_SAME"
"dashing-pyramid-2623","90.06098365783691","sconf_image(""hard/lena.png"")","8","EdgeStrategy.MIRROR"
"cool-sun-2622","53.46799850463867","sconf_image(""hard/lena.png"")","7","EdgeStrategy.TF_SAME"
"fragrant-butterfly-2621","85.51889872550964","sconf_image(""hard/lena.png"")","7","EdgeStrategy.MIRROR"
"woven-paper-2620","50.940704584121704","sconf_image(""hard/lena.png"")","6","EdgeStrategy.TF_SAME"
"toasty-deluge-2619","101.07201075553894","sconf_image(""hard/lena.png"")","6","EdgeStrategy.MIRROR"
"deft-sponge-2618","78.07144403457642","sconf_image(""hard/lena.png"")","5","EdgeStrategy.TF_SAME"
"autumn-serenity-2617","91.76297116279602","sconf_image(""hard/lena.png"")","5","EdgeStrategy.MIRROR"
"distinctive-glade-2616","76.37499856948853","sconf_image(""hard/lena.png"")","4","EdgeStrategy.TF_SAME"
"balmy-cosmos-2615","80.79699993133545","sconf_image(""hard/lena.png"")","4","EdgeStrategy.MIRROR"
"silver-flower-2614","66.95299768447876","sconf_image(""hard/lena.png"")","3","EdgeStrategy.TF_SAME"
"young-snowflake-2613","89.58738493919373","sconf_image(""hard/lena.png"")","3","EdgeStrategy.MIRROR"
"charmed-grass-2612","88.4190022945404","sconf_image(""hard/lena.png"")","2","EdgeStrategy.TF_SAME"
"legendary-salad-2611","137.36999821662903","sconf_image(""hard/lena.png"")","2","EdgeStrategy.MIRROR"
"zesty-planet-2610","87.62699580192566","sconf_image(""hard/lena.png"")","1","EdgeStrategy.TF_SAME"
"rosy-snow-2609","112.07253384590148","sconf_image(""hard/lena.png"")","1","EdgeStrategy.MIRROR"
"classic-dew-2608","54.876999855041504","sconf_image(""hard/lena.png"")","0","EdgeStrategy.TF_SAME"
"super-deluge-2607","94.61299657821657","sconf_image(""hard/lena.png"")","0","EdgeStrategy.MIRROR"
"playful-smoke-2606","74.78697109222412","sconf_image(""hard/arch.png"")","14","EdgeStrategy.TF_SAME"
"graceful-field-2605","91.35199928283691","sconf_image(""hard/arch.png"")","14","EdgeStrategy.MIRROR"
"glamorous-serenity-2604","71.52200055122375","sconf_image(""hard/arch.png"")","13","EdgeStrategy.TF_SAME"
"easy-surf-2603","136.00099968910217","sconf_image(""hard/arch.png"")","13","EdgeStrategy.MIRROR"
"dauntless-pond-2602","69.35799789428711","sconf_image(""hard/arch.png"")","12","EdgeStrategy.TF_SAME"
"clean-feather-2601","122.48999667167664","sconf_image(""hard/arch.png"")","12","EdgeStrategy.MIRROR"
"ruby-darkness-2600","75.63399887084961","sconf_image(""hard/arch.png"")","11","EdgeStrategy.TF_SAME"
"driven-deluge-2599","107.81800150871275","sconf_image(""hard/arch.png"")","11","EdgeStrategy.MIRROR"
"rosy-spaceship-2598","74.48300075531006","sconf_image(""hard/arch.png"")","10","EdgeStrategy.TF_SAME"
"happy-deluge-2597","94.50800061225893","sconf_image(""hard/arch.png"")","10","EdgeStrategy.MIRROR"
"floral-plasma-2596","77.80099940299988","sconf_image(""hard/arch.png"")","9","EdgeStrategy.TF_SAME"
"young-durian-2595","100.39863634109496","sconf_image(""hard/arch.png"")","9","EdgeStrategy.MIRROR"
"restful-blaze-2594","82.19999933242798","sconf_image(""hard/arch.png"")","8","EdgeStrategy.TF_SAME"
"daily-lake-2593","107.01600241661072","sconf_image(""hard/arch.png"")","8","EdgeStrategy.MIRROR"
"sleek-sponge-2592","86.69899702072144","sconf_image(""hard/arch.png"")","7","EdgeStrategy.TF_SAME"
"floral-wave-2591","112.9807951450348","sconf_image(""hard/arch.png"")","7","EdgeStrategy.MIRROR"
"honest-field-2590","69.50299167633057","sconf_image(""hard/arch.png"")","6","EdgeStrategy.TF_SAME"
"firm-universe-2589","107.34501004219057","sconf_image(""hard/arch.png"")","6","EdgeStrategy.MIRROR"
"sage-wind-2588","78.94800043106079","sconf_image(""hard/arch.png"")","5","EdgeStrategy.TF_SAME"
"snowy-vortex-2587","119.00799894332886","sconf_image(""hard/arch.png"")","5","EdgeStrategy.MIRROR"
"restful-cosmos-2586","83.5169985294342","sconf_image(""hard/arch.png"")","4","EdgeStrategy.TF_SAME"
"radiant-resonance-2585","100.05099940299988","sconf_image(""hard/arch.png"")","4","EdgeStrategy.MIRROR"
"sleek-cosmos-2584","81.05899953842163","sconf_image(""hard/arch.png"")","3","EdgeStrategy.TF_SAME"
"stellar-leaf-2583","125.15299892425536","sconf_image(""hard/arch.png"")","3","EdgeStrategy.MIRROR"
"amber-river-2582","91.8660008907318","sconf_image(""hard/arch.png"")","2","EdgeStrategy.TF_SAME"
"atomic-silence-2581","123.2500011920929","sconf_image(""hard/arch.png"")","2","EdgeStrategy.MIRROR"
"honest-breeze-2580","105.58356595039368","sconf_image(""hard/arch.png"")","1","EdgeStrategy.TF_SAME"
"worldly-microwave-2579","138.0869505405426","sconf_image(""hard/arch.png"")","1","EdgeStrategy.MIRROR"
"pious-cloud-2578","83.87200284004211","sconf_image(""hard/arch.png"")","0","EdgeStrategy.TF_SAME"
"sweet-wind-2577","86.38500165939331","sconf_image(""hard/arch.png"")","0","EdgeStrategy.MIRROR"
"wobbly-water-2576","42.57000017166138","sconf_image(""hard/water.png"")","14","EdgeStrategy.TF_SAME"
"genial-meadow-2575","51.91099762916565","sconf_image(""hard/water.png"")","14","EdgeStrategy.MIRROR"
"wobbly-shape-2574","51.46900129318237","sconf_image(""hard/water.png"")","13","EdgeStrategy.TF_SAME"
"icy-flower-2573","78.1550018787384","sconf_image(""hard/water.png"")","13","EdgeStrategy.MIRROR"
"solar-smoke-2572","50.45699977874756","sconf_image(""hard/water.png"")","12","EdgeStrategy.TF_SAME"
"skilled-star-2571","75.38600063323975","sconf_image(""hard/water.png"")","12","EdgeStrategy.MIRROR"
"major-planet-2570","46.58900165557861","sconf_image(""hard/water.png"")","11","EdgeStrategy.TF_SAME"
"whole-planet-2569","77.36899709701538","sconf_image(""hard/water.png"")","11","EdgeStrategy.MIRROR"
"comic-universe-2568","46.83499813079834","sconf_image(""hard/water.png"")","10","EdgeStrategy.TF_SAME"
"lively-elevator-2567","66.76699781417847","sconf_image(""hard/water.png"")","10","EdgeStrategy.MIRROR"
"serene-lake-2566","56.025999307632446","sconf_image(""hard/water.png"")","9","EdgeStrategy.TF_SAME"
"resilient-sun-2565","73.26499795913696","sconf_image(""hard/water.png"")","9","EdgeStrategy.MIRROR"
"colorful-salad-2564","54.30699872970581","sconf_image(""hard/water.png"")","8","EdgeStrategy.TF_SAME"
"devoted-wood-2563","67.528000831604","sconf_image(""hard/water.png"")","8","EdgeStrategy.MIRROR"
"proud-jazz-2562","42.78699970245361","sconf_image(""hard/water.png"")","7","EdgeStrategy.TF_SAME"
"fresh-snowflake-2561","61.151715993881226","sconf_image(""hard/water.png"")","7","EdgeStrategy.MIRROR"
"rural-eon-2560","49.84699892997742","sconf_image(""hard/water.png"")","6","EdgeStrategy.TF_SAME"
"kind-yogurt-2559","75.25499892234802","sconf_image(""hard/water.png"")","6","EdgeStrategy.MIRROR"
"vibrant-sea-2558","60.76399993896485","sconf_image(""hard/water.png"")","5","EdgeStrategy.TF_SAME"
"absurd-shadow-2557","83.07099795341492","sconf_image(""hard/water.png"")","5","EdgeStrategy.MIRROR"
"classic-dawn-2556","63.483999252319336","sconf_image(""hard/water.png"")","4","EdgeStrategy.TF_SAME"
"summer-gorge-2555","79.66153073310852","sconf_image(""hard/water.png"")","4","EdgeStrategy.MIRROR"
"vocal-pyramid-2554","48.05499577522278","sconf_image(""hard/water.png"")","3","EdgeStrategy.TF_SAME"
"fanciful-violet-2553","74.9900004863739","sconf_image(""hard/water.png"")","3","EdgeStrategy.MIRROR"
"denim-firebrand-2552","58.27599740028381","sconf_image(""hard/water.png"")","2","EdgeStrategy.TF_SAME"
"young-glade-2551","80.72997808456421","sconf_image(""hard/water.png"")","2","EdgeStrategy.MIRROR"
"fresh-voice-2550","68.46835947036743","sconf_image(""hard/water.png"")","1","EdgeStrategy.TF_SAME"
"wandering-paper-2549","82.90535426139832","sconf_image(""hard/water.png"")","1","EdgeStrategy.MIRROR"
"trim-morning-2548","46.64000201225281","sconf_image(""hard/water.png"")","0","EdgeStrategy.TF_SAME"
"hearty-vortex-2547","81.67299890518188","sconf_image(""hard/water.png"")","0","EdgeStrategy.MIRROR"
"distinctive-thunder-2546","69.83900022506714","sconf_image(""hard/rose.png"")","14","EdgeStrategy.TF_SAME"
"gentle-thunder-2545","84.1042492389679","sconf_image(""hard/rose.png"")","14","EdgeStrategy.MIRROR"
"crisp-grass-2544","64.58500075340271","sconf_image(""hard/rose.png"")","13","EdgeStrategy.TF_SAME"
"rural-grass-2543","101.79500150680542","sconf_image(""hard/rose.png"")","13","EdgeStrategy.MIRROR"
"autumn-snow-2542","75.33599519729614","sconf_image(""hard/rose.png"")","12","EdgeStrategy.TF_SAME"
"expert-star-2541","100.78999924659728","sconf_image(""hard/rose.png"")","12","EdgeStrategy.MIRROR"
"hopeful-dust-2540","87.48499321937561","sconf_image(""hard/rose.png"")","11","EdgeStrategy.TF_SAME"
"dashing-fog-2539","99.37899947166444","sconf_image(""hard/rose.png"")","11","EdgeStrategy.MIRROR"
"misunderstood-totem-2538","67.8939995765686","sconf_image(""hard/rose.png"")","10","EdgeStrategy.TF_SAME"
"earnest-puddle-2537","95.25399899482728","sconf_image(""hard/rose.png"")","10","EdgeStrategy.MIRROR"
"vivid-brook-2536","56.04899883270264","sconf_image(""hard/rose.png"")","9","EdgeStrategy.TF_SAME"
"unique-planet-2535","79.47212600708008","sconf_image(""hard/rose.png"")","9","EdgeStrategy.MIRROR"
"pretty-sunset-2534","75.82699871063232","sconf_image(""hard/rose.png"")","8","EdgeStrategy.TF_SAME"
"misunderstood-shape-2533","87.5479998588562","sconf_image(""hard/rose.png"")","8","EdgeStrategy.MIRROR"
"azure-darkness-2532","65.44199752807617","sconf_image(""hard/rose.png"")","7","EdgeStrategy.TF_SAME"
"fearless-hill-2531","75.48300266265869","sconf_image(""hard/rose.png"")","7","EdgeStrategy.MIRROR"
"absurd-rain-2530","79.9169991016388","sconf_image(""hard/rose.png"")","6","EdgeStrategy.TF_SAME"
"silver-feather-2529","102.30199909210204","sconf_image(""hard/rose.png"")","6","EdgeStrategy.MIRROR"
"golden-paper-2528","78.69499802589417","sconf_image(""hard/rose.png"")","5","EdgeStrategy.TF_SAME"
"crimson-shape-2527","90.66698884963988","sconf_image(""hard/rose.png"")","5","EdgeStrategy.MIRROR"
"rosy-glade-2526","76.55599975585938","sconf_image(""hard/rose.png"")","4","EdgeStrategy.TF_SAME"
"twilight-lake-2525","102.35999727249146","sconf_image(""hard/rose.png"")","4","EdgeStrategy.MIRROR"
"faithful-gorge-2524","88.83142495155334","sconf_image(""hard/rose.png"")","3","EdgeStrategy.TF_SAME"
"cool-elevator-2523","90.97330260276794","sconf_image(""hard/rose.png"")","3","EdgeStrategy.MIRROR"
"driven-cherry-2522","97.9810037612915","sconf_image(""hard/rose.png"")","2","EdgeStrategy.TF_SAME"
"super-river-2521","121.29735922813416","sconf_image(""hard/rose.png"")","2","EdgeStrategy.MIRROR"
"lively-waterfall-2520","94.26100087165833","sconf_image(""hard/rose.png"")","1","EdgeStrategy.TF_SAME"
"revived-butterfly-2519","128.5021457672119","sconf_image(""hard/rose.png"")","1","EdgeStrategy.MIRROR"
"proud-serenity-2518","62.334999084472656","sconf_image(""hard/rose.png"")","0","EdgeStrategy.TF_SAME"
"silvery-valley-2517","126.34918355941772","sconf_image(""hard/rose.png"")","0","EdgeStrategy.MIRROR"
"good-serenity-2516","83.41799139976501","sconf_image(""hard/pills.png"")","14","EdgeStrategy.TF_SAME"
"soft-sun-2515","108.9369797706604","sconf_image(""hard/pills.png"")","14","EdgeStrategy.MIRROR"
"leafy-puddle-2514","84.16599917411804","sconf_image(""hard/pills.png"")","13","EdgeStrategy.TF_SAME"
"icy-meadow-2513","142.538996219635","sconf_image(""hard/pills.png"")","13","EdgeStrategy.MIRROR"
"earnest-plasma-2512","88.07730603218079","sconf_image(""hard/pills.png"")","12","EdgeStrategy.TF_SAME"
"vocal-glade-2511","121.67200016975404","sconf_image(""hard/pills.png"")","12","EdgeStrategy.MIRROR"
"skilled-plasma-2510","80.38699722290039","sconf_image(""hard/pills.png"")","11","EdgeStrategy.TF_SAME"
"distinctive-paper-2509","109.45400047302246","sconf_image(""hard/pills.png"")","11","EdgeStrategy.MIRROR"
"cool-pine-2508","91.55899953842165","sconf_image(""hard/pills.png"")","10","EdgeStrategy.TF_SAME"
"comic-rain-2507","108.05498933792114","sconf_image(""hard/pills.png"")","10","EdgeStrategy.MIRROR"
"resilient-haze-2506","68.27699899673462","sconf_image(""hard/pills.png"")","9","EdgeStrategy.TF_SAME"
"earthy-brook-2505","99.8780026435852","sconf_image(""hard/pills.png"")","9","EdgeStrategy.MIRROR"
"clear-totem-2504","96.43599820137024","sconf_image(""hard/pills.png"")","8","EdgeStrategy.TF_SAME"
"woven-snowflake-2503","126.26699924468994","sconf_image(""hard/pills.png"")","8","EdgeStrategy.MIRROR"
"zany-sound-2502","77.5879967212677","sconf_image(""hard/pills.png"")","7","EdgeStrategy.TF_SAME"
"ethereal-donkey-2501","101.9529972076416","sconf_image(""hard/pills.png"")","7","EdgeStrategy.MIRROR"
"vivid-wildflower-2500","87.27105116844177","sconf_image(""hard/pills.png"")","6","EdgeStrategy.TF_SAME"
"legendary-eon-2499","110.09499788284302","sconf_image(""hard/pills.png"")","6","EdgeStrategy.MIRROR"
"radiant-wood-2498","94.89132690429688","sconf_image(""hard/pills.png"")","5","EdgeStrategy.TF_SAME"
"trim-snowflake-2497","105.02839279174805","sconf_image(""hard/pills.png"")","5","EdgeStrategy.MIRROR"
"golden-haze-2496","89.72351956367493","sconf_image(""hard/pills.png"")","4","EdgeStrategy.TF_SAME"
"spring-snowflake-2495","116.77899694442748","sconf_image(""hard/pills.png"")","4","EdgeStrategy.MIRROR"
"hopeful-surf-2494","92.10125803947447","sconf_image(""hard/pills.png"")","3","EdgeStrategy.TF_SAME"
"sparkling-vortex-2493","114.6009557247162","sconf_image(""hard/pills.png"")","3","EdgeStrategy.MIRROR"
"swift-blaze-2492","108.22599864006042","sconf_image(""hard/pills.png"")","2","EdgeStrategy.TF_SAME"
"floral-water-2491","163.7299976348877","sconf_image(""hard/pills.png"")","2","EdgeStrategy.MIRROR"
"happy-pond-2490","111.55999660491943","sconf_image(""hard/pills.png"")","1","EdgeStrategy.TF_SAME"
"legendary-disco-2489","135.9571192264557","sconf_image(""hard/pills.png"")","1","EdgeStrategy.MIRROR"
"genial-thunder-2488","76.58499765396118","sconf_image(""hard/pills.png"")","0","EdgeStrategy.TF_SAME"
"northern-dream-2487","118.21499919891356","sconf_image(""hard/pills.png"")","0","EdgeStrategy.MIRROR"
"helpful-brook-2486","60.769999742507935","sconf_image(""hard/peppers.png"")","14","EdgeStrategy.TF_SAME"
"genial-breeze-2485","116.87700271606444","sconf_image(""hard/peppers.png"")","14","EdgeStrategy.MIRROR"
"good-salad-2484","67.99400067329407","sconf_image(""hard/peppers.png"")","13","EdgeStrategy.TF_SAME"
"winter-plant-2483","146.68000149726868","sconf_image(""hard/peppers.png"")","13","EdgeStrategy.MIRROR"
"dutiful-moon-2482","62.76199007034302","sconf_image(""hard/peppers.png"")","12","EdgeStrategy.TF_SAME"
"glowing-wildflower-2481","106.5719964504242","sconf_image(""hard/peppers.png"")","12","EdgeStrategy.MIRROR"
"generous-elevator-2480","56.51400065422058","sconf_image(""hard/peppers.png"")","11","EdgeStrategy.TF_SAME"
"helpful-elevator-2479","107.09600162506104","sconf_image(""hard/peppers.png"")","11","EdgeStrategy.MIRROR"
"elated-thunder-2478","61.39199995994568","sconf_image(""hard/peppers.png"")","10","EdgeStrategy.TF_SAME"
"elated-pyramid-2477","116.7269959449768","sconf_image(""hard/peppers.png"")","10","EdgeStrategy.MIRROR"
"treasured-snowball-2476","50.83499884605408","sconf_image(""hard/peppers.png"")","9","EdgeStrategy.TF_SAME"
"lively-jazz-2475","93.7880003452301","sconf_image(""hard/peppers.png"")","9","EdgeStrategy.MIRROR"
"atomic-voice-2474","44.35600018501282","sconf_image(""hard/peppers.png"")","8","EdgeStrategy.TF_SAME"
"vital-tree-2473","96.81300354003906","sconf_image(""hard/peppers.png"")","8","EdgeStrategy.MIRROR"
"pious-bird-2472","50.85899615287781","sconf_image(""hard/peppers.png"")","7","EdgeStrategy.TF_SAME"
"denim-water-2471","100.83799958229064","sconf_image(""hard/peppers.png"")","7","EdgeStrategy.MIRROR"
"wise-sponge-2470","68.06149673461914","sconf_image(""hard/peppers.png"")","6","EdgeStrategy.TF_SAME"
"golden-forest-2469","114.743999004364","sconf_image(""hard/peppers.png"")","6","EdgeStrategy.MIRROR"
"true-wave-2468","71.30400371551514","sconf_image(""hard/peppers.png"")","5","EdgeStrategy.TF_SAME"
"deft-leaf-2467","104.836998462677","sconf_image(""hard/peppers.png"")","5","EdgeStrategy.MIRROR"
"fearless-gorge-2466","72.24599933624268","sconf_image(""hard/peppers.png"")","4","EdgeStrategy.TF_SAME"
"robust-salad-2465","108.44299936294556","sconf_image(""hard/peppers.png"")","4","EdgeStrategy.MIRROR"
"fast-valley-2464","64.48091506958008","sconf_image(""hard/peppers.png"")","3","EdgeStrategy.TF_SAME"
"ruby-fog-2463","98.37296986579896","sconf_image(""hard/peppers.png"")","3","EdgeStrategy.MIRROR"
"sunny-darkness-2462","77.5000011920929","sconf_image(""hard/peppers.png"")","2","EdgeStrategy.TF_SAME"
"spring-plant-2461","104.5389952659607","sconf_image(""hard/peppers.png"")","2","EdgeStrategy.MIRROR"
"usual-tree-2460","89.6638536453247","sconf_image(""hard/peppers.png"")","1","EdgeStrategy.TF_SAME"
"vague-smoke-2459","116.90233325958252","sconf_image(""hard/peppers.png"")","1","EdgeStrategy.MIRROR"
"spring-disco-2458","52.55499982833862","sconf_image(""hard/peppers.png"")","0","EdgeStrategy.TF_SAME"
"vibrant-surf-2457","100.1930022239685","sconf_image(""hard/peppers.png"")","0","EdgeStrategy.MIRROR"
"silvery-dream-2456","41.87898850440979","sconf_image(""hard/lena.png"")","14","EdgeStrategy.TF_SAME"
"bright-cloud-2455","80.45599865913391","sconf_image(""hard/lena.png"")","14","EdgeStrategy.MIRROR"
"sage-glade-2454","60.59432530403137","sconf_image(""hard/lena.png"")","13","EdgeStrategy.TF_SAME"
"lyric-mountain-2453","100.47999620437622","sconf_image(""hard/lena.png"")","13","EdgeStrategy.MIRROR"
"light-water-2452","66.87400102615356","sconf_image(""hard/lena.png"")","12","EdgeStrategy.TF_SAME"
"iconic-sponge-2451","87.53499746322632","sconf_image(""hard/lena.png"")","12","EdgeStrategy.MIRROR"
"toasty-leaf-2450","56.0829975605011","sconf_image(""hard/lena.png"")","11","EdgeStrategy.TF_SAME"
"playful-galaxy-2449","97.5319983959198","sconf_image(""hard/lena.png"")","11","EdgeStrategy.MIRROR"
"vocal-valley-2448","50.153000354766846","sconf_image(""hard/lena.png"")","10","EdgeStrategy.TF_SAME"
"distinctive-elevator-2447","73.97700238227844","sconf_image(""hard/lena.png"")","10","EdgeStrategy.MIRROR"
"worldly-resonance-2446","43.39600229263306","sconf_image(""hard/lena.png"")","9","EdgeStrategy.TF_SAME"
"zesty-totem-2445","71.87700009346008","sconf_image(""hard/lena.png"")","9","EdgeStrategy.MIRROR"
"happy-spaceship-2444","50.71999931335449","sconf_image(""hard/lena.png"")","8","EdgeStrategy.TF_SAME"
"scarlet-dew-2443","90.38499641418456","sconf_image(""hard/lena.png"")","8","EdgeStrategy.MIRROR"
"revived-grass-2442","46.44099950790405","sconf_image(""hard/lena.png"")","7","EdgeStrategy.TF_SAME"
"youthful-sky-2441","68.06300067901611","sconf_image(""hard/lena.png"")","7","EdgeStrategy.MIRROR"
"bumbling-totem-2440","56.90800452232361","sconf_image(""hard/lena.png"")","6","EdgeStrategy.TF_SAME"
"icy-snowball-2439","78.04600167274475","sconf_image(""hard/lena.png"")","6","EdgeStrategy.MIRROR"
"fancy-snowball-2438","76.37899971008301","sconf_image(""hard/lena.png"")","5","EdgeStrategy.TF_SAME"
"light-waterfall-2437","82.7419958114624","sconf_image(""hard/lena.png"")","5","EdgeStrategy.MIRROR"
"helpful-moon-2436","52.088000535964966","sconf_image(""hard/lena.png"")","4","EdgeStrategy.TF_SAME"
"lively-dragon-2435","78.09500074386597","sconf_image(""hard/lena.png"")","4","EdgeStrategy.MIRROR"
"solar-river-2434","66.77499747276306","sconf_image(""hard/lena.png"")","3","EdgeStrategy.TF_SAME"
"devoted-glitter-2433","92.67799830436708","sconf_image(""hard/lena.png"")","3","EdgeStrategy.MIRROR"
"true-cloud-2432","73.21799921989441","sconf_image(""hard/lena.png"")","2","EdgeStrategy.TF_SAME"
"peach-shadow-2431","98.3870017528534","sconf_image(""hard/lena.png"")","2","EdgeStrategy.MIRROR"
"vital-energy-2430","71.32445120811462","sconf_image(""hard/lena.png"")","1","EdgeStrategy.TF_SAME"
"exalted-dust-2429","108.40700006484984","sconf_image(""hard/lena.png"")","1","EdgeStrategy.MIRROR"
"vocal-frost-2428","43.370999813079834","sconf_image(""hard/lena.png"")","0","EdgeStrategy.TF_SAME"
"faithful-donkey-2427","98.12999486923218","sconf_image(""hard/lena.png"")","0","EdgeStrategy.MIRROR"
"dandy-durian-2426","48.90899920463562","sconf_image(""hard/arch.png"")","14","EdgeStrategy.TF_SAME"
"rich-thunder-2425","77.02799963951111","sconf_image(""hard/arch.png"")","14","EdgeStrategy.MIRROR"
"upbeat-shape-2424","91.44299507141112","sconf_image(""hard/arch.png"")","13","EdgeStrategy.TF_SAME"
"rosy-haze-2423","113.0219976902008","sconf_image(""hard/arch.png"")","13","EdgeStrategy.MIRROR"
"giddy-serenity-2422","72.60100102424622","sconf_image(""hard/arch.png"")","12","EdgeStrategy.TF_SAME"
"generous-tree-2421","92.98299527168274","sconf_image(""hard/arch.png"")","12","EdgeStrategy.MIRROR"
"astral-feather-2420","81.7040011882782","sconf_image(""hard/arch.png"")","11","EdgeStrategy.TF_SAME"
"smooth-cloud-2419","113.3360002040863","sconf_image(""hard/arch.png"")","11","EdgeStrategy.MIRROR"
"trim-plant-2418","55.495420932769775","sconf_image(""hard/arch.png"")","10","EdgeStrategy.TF_SAME"
"light-bee-2417","103.3860034942627","sconf_image(""hard/arch.png"")","10","EdgeStrategy.MIRROR"
"sleek-butterfly-2416","53.20299935340881","sconf_image(""hard/arch.png"")","9","EdgeStrategy.TF_SAME"
"feasible-wildflower-2415","111.50599956512453","sconf_image(""hard/arch.png"")","9","EdgeStrategy.MIRROR"
"feasible-pyramid-2414","80.96900153160095","sconf_image(""hard/arch.png"")","8","EdgeStrategy.TF_SAME"
"wise-dew-2413","113.70599007606506","sconf_image(""hard/arch.png"")","8","EdgeStrategy.MIRROR"
"wise-sound-2412","70.82300066947937","sconf_image(""hard/arch.png"")","7","EdgeStrategy.TF_SAME"
"misunderstood-grass-2411","106.343998670578","sconf_image(""hard/arch.png"")","7","EdgeStrategy.MIRROR"
"woven-firebrand-2410","62.48799920082092","sconf_image(""hard/arch.png"")","6","EdgeStrategy.TF_SAME"
"firm-puddle-2409","95.57300162315369","sconf_image(""hard/arch.png"")","6","EdgeStrategy.MIRROR"
"bright-disco-2408","85.70198035240173","sconf_image(""hard/arch.png"")","5","EdgeStrategy.TF_SAME"
"scarlet-pyramid-2407","114.56799983978271","sconf_image(""hard/arch.png"")","5","EdgeStrategy.MIRROR"
"driven-serenity-2406","73.9599974155426","sconf_image(""hard/arch.png"")","4","EdgeStrategy.TF_SAME"
"spring-snowball-2405","95.66947078704834","sconf_image(""hard/arch.png"")","4","EdgeStrategy.MIRROR"
"dandy-dew-2404","80.82699966430664","sconf_image(""hard/arch.png"")","3","EdgeStrategy.TF_SAME"
"comfy-plant-2403","100.45923590660097","sconf_image(""hard/arch.png"")","3","EdgeStrategy.MIRROR"
"vocal-dawn-2402","82.652996301651","sconf_image(""hard/arch.png"")","2","EdgeStrategy.TF_SAME"
"winter-cloud-2401","114.49723768234252","sconf_image(""hard/arch.png"")","2","EdgeStrategy.MIRROR"
"morning-spaceship-2400","92.7500011920929","sconf_image(""hard/arch.png"")","1","EdgeStrategy.TF_SAME"
"spring-firebrand-2399","139.1620008945465","sconf_image(""hard/arch.png"")","1","EdgeStrategy.MIRROR"
"visionary-silence-2398","73.09800100326538","sconf_image(""hard/arch.png"")","0","EdgeStrategy.TF_SAME"
"revived-shadow-2397","108.83998227119446","sconf_image(""hard/arch.png"")","0","EdgeStrategy.MIRROR"
"dry-breeze-2396","40.85700249671936","sconf_image(""hard/water.png"")","14","EdgeStrategy.TF_SAME"
"comic-plant-2395","52.5956392288208","sconf_image(""hard/water.png"")","14","EdgeStrategy.MIRROR"
"gentle-darkness-2394","47.3310010433197","sconf_image(""hard/water.png"")","13","EdgeStrategy.TF_SAME"
"serene-darkness-2393","63.344995975494385","sconf_image(""hard/water.png"")","13","EdgeStrategy.MIRROR"
"treasured-terrain-2392","45.94599962234497","sconf_image(""hard/water.png"")","12","EdgeStrategy.TF_SAME"
"classic-pond-2391","62.40801167488098","sconf_image(""hard/water.png"")","12","EdgeStrategy.MIRROR"
"giddy-flower-2390","43.80066156387329","sconf_image(""hard/water.png"")","11","EdgeStrategy.TF_SAME"
"usual-voice-2389","51.63600206375122","sconf_image(""hard/water.png"")","11","EdgeStrategy.MIRROR"
"lemon-waterfall-2388","38.9050018787384","sconf_image(""hard/water.png"")","10","EdgeStrategy.TF_SAME"
"zany-lake-2387","66.84900045394897","sconf_image(""hard/water.png"")","10","EdgeStrategy.MIRROR"
"helpful-dew-2386","44.327003479003906","sconf_image(""hard/water.png"")","9","EdgeStrategy.TF_SAME"
"young-dream-2385","50.89499807357788","sconf_image(""hard/water.png"")","9","EdgeStrategy.MIRROR"
"wandering-water-2384","49.0190007686615","sconf_image(""hard/water.png"")","8","EdgeStrategy.TF_SAME"
"logical-frost-2383","62.67068958282471","sconf_image(""hard/water.png"")","8","EdgeStrategy.MIRROR"
"deep-thunder-2382","43.974000692367554","sconf_image(""hard/water.png"")","7","EdgeStrategy.TF_SAME"
"summer-surf-2381","63.359999895095825","sconf_image(""hard/water.png"")","7","EdgeStrategy.MIRROR"
"sage-terrain-2380","48.905001163482666","sconf_image(""hard/water.png"")","6","EdgeStrategy.TF_SAME"
"whole-grass-2379","49.67799949645996","sconf_image(""hard/water.png"")","6","EdgeStrategy.MIRROR"
"lilac-rain-2378","57.100000619888306","sconf_image(""hard/water.png"")","5","EdgeStrategy.TF_SAME"
"giddy-sea-2377","75.76099562644958","sconf_image(""hard/water.png"")","5","EdgeStrategy.MIRROR"
"fine-donkey-2376","48.002875089645386","sconf_image(""hard/water.png"")","4","EdgeStrategy.TF_SAME"
"winter-sun-2375","70.28499913215637","sconf_image(""hard/water.png"")","4","EdgeStrategy.MIRROR"
"wise-bee-2374","51.059998989105225","sconf_image(""hard/water.png"")","3","EdgeStrategy.TF_SAME"
"warm-sea-2373","62.8699996471405","sconf_image(""hard/water.png"")","3","EdgeStrategy.MIRROR"
"lively-star-2372","57.20224070549011","sconf_image(""hard/water.png"")","2","EdgeStrategy.TF_SAME"
"dutiful-thunder-2371","71.08899855613708","sconf_image(""hard/water.png"")","2","EdgeStrategy.MIRROR"
"astral-wave-2370","57.316540479660034","sconf_image(""hard/water.png"")","1","EdgeStrategy.TF_SAME"
"super-hill-2369","83.0384750366211","sconf_image(""hard/water.png"")","1","EdgeStrategy.MIRROR"
"glamorous-gorge-2368","59.59999585151672","sconf_image(""hard/water.png"")","0","EdgeStrategy.TF_SAME"
"glad-sun-2367","71.82400155067444","sconf_image(""hard/water.png"")","0","EdgeStrategy.MIRROR"
"effortless-fire-2366","54.76400017738342","sconf_image(""hard/rose.png"")","14","EdgeStrategy.TF_SAME"
"classic-plasma-2365","84.57032346725464","sconf_image(""hard/rose.png"")","14","EdgeStrategy.MIRROR"
"rural-lion-2364","62.7819983959198","sconf_image(""hard/rose.png"")","13","EdgeStrategy.TF_SAME"
"comfy-durian-2363","85.73800158500671","sconf_image(""hard/rose.png"")","13","EdgeStrategy.MIRROR"
"driven-fog-2362","62.12700128555298","sconf_image(""hard/rose.png"")","12","EdgeStrategy.TF_SAME"
"hopeful-night-2361","98.85899877548218","sconf_image(""hard/rose.png"")","12","EdgeStrategy.MIRROR"
"skilled-thunder-2360","63.705000162124634","sconf_image(""hard/rose.png"")","11","EdgeStrategy.TF_SAME"
"crimson-forest-2359","73.02099919319153","sconf_image(""hard/rose.png"")","11","EdgeStrategy.MIRROR"
"deft-serenity-2358","57.988999366760254","sconf_image(""hard/rose.png"")","10","EdgeStrategy.TF_SAME"
"vibrant-totem-2357","87.84800028800964","sconf_image(""hard/rose.png"")","10","EdgeStrategy.MIRROR"
"eager-glitter-2356","58.23799920082092","sconf_image(""hard/rose.png"")","9","EdgeStrategy.TF_SAME"
"polished-wildflower-2355","70.1609992980957","sconf_image(""hard/rose.png"")","9","EdgeStrategy.MIRROR"
"desert-deluge-2354","60.200000286102295","sconf_image(""hard/rose.png"")","8","EdgeStrategy.TF_SAME"
"major-sea-2353","81.59069395065308","sconf_image(""hard/rose.png"")","8","EdgeStrategy.MIRROR"
"gallant-lake-2352","53.36900067329407","sconf_image(""hard/rose.png"")","7","EdgeStrategy.TF_SAME"
"celestial-puddle-2351","85.7830011844635","sconf_image(""hard/rose.png"")","7","EdgeStrategy.MIRROR"
"fresh-monkey-2350","58.16798949241638","sconf_image(""hard/rose.png"")","6","EdgeStrategy.TF_SAME"
"prime-serenity-2349","85.21600031852722","sconf_image(""hard/rose.png"")","6","EdgeStrategy.MIRROR"
"zesty-surf-2348","62.691001176834106","sconf_image(""hard/rose.png"")","5","EdgeStrategy.TF_SAME"
"avid-thunder-2347","86.874751329422","sconf_image(""hard/rose.png"")","5","EdgeStrategy.MIRROR"
"winter-sea-2346","65.86800003051758","sconf_image(""hard/rose.png"")","4","EdgeStrategy.TF_SAME"
"misty-grass-2345","81.57799983024597","sconf_image(""hard/rose.png"")","4","EdgeStrategy.MIRROR"
"different-oath-2344","72.97499871253967","sconf_image(""hard/rose.png"")","3","EdgeStrategy.TF_SAME"
"whole-butterfly-2343","89.32200050354004","sconf_image(""hard/rose.png"")","3","EdgeStrategy.MIRROR"
"tough-plant-2342","76.1639997959137","sconf_image(""hard/rose.png"")","2","EdgeStrategy.TF_SAME"
"warm-firebrand-2341","111.82499861717224","sconf_image(""hard/rose.png"")","2","EdgeStrategy.MIRROR"
"denim-star-2340","90.119127035141","sconf_image(""hard/rose.png"")","1","EdgeStrategy.TF_SAME"
"confused-sunset-2339","108.86739087104796","sconf_image(""hard/rose.png"")","1","EdgeStrategy.MIRROR"
"glamorous-darkness-2338","44.748995780944824","sconf_image(""hard/rose.png"")","0","EdgeStrategy.TF_SAME"
"pretty-eon-2337","111.35899662971497","sconf_image(""hard/rose.png"")","0","EdgeStrategy.MIRROR"
"bumbling-dew-2336","60.74099659919739","sconf_image(""hard/pills.png"")","14","EdgeStrategy.TF_SAME"
"lyric-plasma-2335","99.9630000591278","sconf_image(""hard/pills.png"")","14","EdgeStrategy.MIRROR"
"elated-darkness-2334","69.3110020160675","sconf_image(""hard/pills.png"")","13","EdgeStrategy.TF_SAME"
"dainty-haze-2333","137.43999886512756","sconf_image(""hard/pills.png"")","13","EdgeStrategy.MIRROR"
"glorious-leaf-2332","62.41600036621094","sconf_image(""hard/pills.png"")","12","EdgeStrategy.TF_SAME"
"avid-forest-2331","109.1369969844818","sconf_image(""hard/pills.png"")","12","EdgeStrategy.MIRROR"
"jolly-thunder-2330","68.41700029373169","sconf_image(""hard/pills.png"")","11","EdgeStrategy.TF_SAME"
"blooming-darkness-2329","93.99199914932252","sconf_image(""hard/pills.png"")","11","EdgeStrategy.MIRROR"
"tough-sea-2328","71.90200066566467","sconf_image(""hard/pills.png"")","10","EdgeStrategy.TF_SAME"
"leafy-pond-2327","73.30599856376648","sconf_image(""hard/pills.png"")","10","EdgeStrategy.MIRROR"
"unique-river-2326","66.17200016975403","sconf_image(""hard/pills.png"")","9","EdgeStrategy.TF_SAME"
"polished-grass-2325","74.22000193595886","sconf_image(""hard/pills.png"")","9","EdgeStrategy.MIRROR"
"avid-wind-2324","74.10399961471558","sconf_image(""hard/pills.png"")","8","EdgeStrategy.TF_SAME"
"fearless-dew-2323","101.3529999256134","sconf_image(""hard/pills.png"")","8","EdgeStrategy.MIRROR"
"cerulean-valley-2322","67.32599997520447","sconf_image(""hard/pills.png"")","7","EdgeStrategy.TF_SAME"
"genial-plant-2321","85.68368601799011","sconf_image(""hard/pills.png"")","7","EdgeStrategy.MIRROR"
"gentle-cherry-2320","94.24999976158142","sconf_image(""hard/pills.png"")","6","EdgeStrategy.TF_SAME"
"rich-brook-2319","104.11500239372252","sconf_image(""hard/pills.png"")","6","EdgeStrategy.MIRROR"
"fanciful-plant-2318","80.57884550094604","sconf_image(""hard/pills.png"")","5","EdgeStrategy.TF_SAME"
"denim-sun-2317","104.00400042533876","sconf_image(""hard/pills.png"")","5","EdgeStrategy.MIRROR"
"pretty-microwave-2316","80.57700061798096","sconf_image(""hard/pills.png"")","4","EdgeStrategy.TF_SAME"
"skilled-surf-2315","103.29899907112122","sconf_image(""hard/pills.png"")","4","EdgeStrategy.MIRROR"
"eternal-lake-2314","76.00400066375732","sconf_image(""hard/pills.png"")","3","EdgeStrategy.TF_SAME"
"upbeat-lake-2313","113.7169954776764","sconf_image(""hard/pills.png"")","3","EdgeStrategy.MIRROR"
"frosty-jazz-2312","87.97130942344666","sconf_image(""hard/pills.png"")","2","EdgeStrategy.TF_SAME"
"misty-galaxy-2311","123.94061493873596","sconf_image(""hard/pills.png"")","2","EdgeStrategy.MIRROR"
"eager-shadow-2310","91.40799951553343","sconf_image(""hard/pills.png"")","1","EdgeStrategy.TF_SAME"
"winter-monkey-2309","107.25899934768675","sconf_image(""hard/pills.png"")","1","EdgeStrategy.MIRROR"
"celestial-sea-2308","71.69400143623352","sconf_image(""hard/pills.png"")","0","EdgeStrategy.TF_SAME"
"classic-morning-2307","71.5350022315979","sconf_image(""hard/pills.png"")","0","EdgeStrategy.MIRROR"
"wise-valley-2306","50.36499857902527","sconf_image(""hard/peppers.png"")","14","EdgeStrategy.TF_SAME"
"fanciful-lion-2305","92.01299619674684","sconf_image(""hard/peppers.png"")","14","EdgeStrategy.MIRROR"
"expert-lion-2304","41.35099911689758","sconf_image(""hard/peppers.png"")","13","EdgeStrategy.TF_SAME"
"dutiful-sea-2303","92.79800057411194","sconf_image(""hard/peppers.png"")","13","EdgeStrategy.MIRROR"
"super-cherry-2302","52.55399751663208","sconf_image(""hard/peppers.png"")","12","EdgeStrategy.TF_SAME"
"dutiful-resonance-2301","94.82300114631651","sconf_image(""hard/peppers.png"")","12","EdgeStrategy.MIRROR"
"lemon-snowflake-2300","44.01200270652771","sconf_image(""hard/peppers.png"")","11","EdgeStrategy.TF_SAME"
"vital-tree-2299","69.11899924278259","sconf_image(""hard/peppers.png"")","11","EdgeStrategy.MIRROR"
"likely-glade-2298","51.90099740028381","sconf_image(""hard/peppers.png"")","10","EdgeStrategy.TF_SAME"
"smooth-dragon-2297","91.93971753120422","sconf_image(""hard/peppers.png"")","10","EdgeStrategy.MIRROR"
"helpful-universe-2296","36.882296085357666","sconf_image(""hard/peppers.png"")","9","EdgeStrategy.TF_SAME"
"zesty-pine-2295","63.25500178337097","sconf_image(""hard/peppers.png"")","9","EdgeStrategy.MIRROR"
"robust-universe-2294","42.35699963569641","sconf_image(""hard/peppers.png"")","8","EdgeStrategy.TF_SAME"
"super-meadow-2293","86.99899816513062","sconf_image(""hard/peppers.png"")","8","EdgeStrategy.MIRROR"
"bright-plasma-2292","43.935996770858765","sconf_image(""hard/peppers.png"")","7","EdgeStrategy.TF_SAME"
"dauntless-snowball-2291","71.5520007610321","sconf_image(""hard/peppers.png"")","7","EdgeStrategy.MIRROR"
"different-sun-2290","50.68900084495544","sconf_image(""hard/peppers.png"")","6","EdgeStrategy.TF_SAME"
"young-shadow-2289","68.43075680732727","sconf_image(""hard/peppers.png"")","6","EdgeStrategy.MIRROR"
"resilient-cosmos-2288","52.00699853897095","sconf_image(""hard/peppers.png"")","5","EdgeStrategy.TF_SAME"
"rich-fog-2287","94.42700004577635","sconf_image(""hard/peppers.png"")","5","EdgeStrategy.MIRROR"
"helpful-wood-2286","51.49499821662903","sconf_image(""hard/peppers.png"")","4","EdgeStrategy.TF_SAME"
"easy-darkness-2285","83.26299810409546","sconf_image(""hard/peppers.png"")","4","EdgeStrategy.MIRROR"
"cerulean-salad-2284","51.644999742507935","sconf_image(""hard/peppers.png"")","3","EdgeStrategy.TF_SAME"
"solar-bee-2283","86.54900026321411","sconf_image(""hard/peppers.png"")","3","EdgeStrategy.MIRROR"
"trim-breeze-2282","66.90499782562256","sconf_image(""hard/peppers.png"")","2","EdgeStrategy.TF_SAME"
"dutiful-spaceship-2281","110.86970257759094","sconf_image(""hard/peppers.png"")","2","EdgeStrategy.MIRROR"
"usual-bee-2280","69.41700053215027","sconf_image(""hard/peppers.png"")","1","EdgeStrategy.TF_SAME"
"fanciful-feather-2279","95.40714311599731","sconf_image(""hard/peppers.png"")","1","EdgeStrategy.MIRROR"
"rosy-totem-2278","37.7289981842041","sconf_image(""hard/peppers.png"")","0","EdgeStrategy.TF_SAME"
"proud-bush-2277","83.83900046348572","sconf_image(""hard/peppers.png"")","0","EdgeStrategy.MIRROR"
"fresh-thunder-2276","32.78999996185303","sconf_image(""hard/lena.png"")","14","EdgeStrategy.TF_SAME"
"pretty-bush-2275","66.52699708938599","sconf_image(""hard/lena.png"")","14","EdgeStrategy.MIRROR"
"dulcet-firebrand-2274","41.93499922752381","sconf_image(""hard/lena.png"")","13","EdgeStrategy.TF_SAME"
"valiant-rain-2273","81.87399768829346","sconf_image(""hard/lena.png"")","13","EdgeStrategy.MIRROR"
"polar-sunset-2272","49.851001501083374","sconf_image(""hard/lena.png"")","12","EdgeStrategy.TF_SAME"
"fluent-dawn-2271","61.154999017715454","sconf_image(""hard/lena.png"")","12","EdgeStrategy.MIRROR"
"kind-disco-2270","38.8240008354187","sconf_image(""hard/lena.png"")","11","EdgeStrategy.TF_SAME"
"iconic-tree-2269","67.45899844169617","sconf_image(""hard/lena.png"")","11","EdgeStrategy.MIRROR"
"lilac-monkey-2268","42.07399654388428","sconf_image(""hard/lena.png"")","10","EdgeStrategy.TF_SAME"
"stellar-sunset-2267","59.60799860954285","sconf_image(""hard/lena.png"")","10","EdgeStrategy.MIRROR"
"magic-dream-2266","38.846001625061035","sconf_image(""hard/lena.png"")","9","EdgeStrategy.TF_SAME"
"lilac-universe-2265","56.01899981498718","sconf_image(""hard/lena.png"")","9","EdgeStrategy.MIRROR"
"ruby-sea-2264","37.135998249053955","sconf_image(""hard/lena.png"")","8","EdgeStrategy.TF_SAME"
"lucky-frost-2263","71.50999999046326","sconf_image(""hard/lena.png"")","8","EdgeStrategy.MIRROR"
"ruby-fire-2262","44.63300013542175","sconf_image(""hard/lena.png"")","7","EdgeStrategy.TF_SAME"
"eager-pine-2261","81.50000023841858","sconf_image(""hard/lena.png"")","7","EdgeStrategy.MIRROR"
"glowing-leaf-2260","42.4760000705719","sconf_image(""hard/lena.png"")","6","EdgeStrategy.TF_SAME"
"hardy-lake-2259","66.50699830055237","sconf_image(""hard/lena.png"")","6","EdgeStrategy.MIRROR"
"ruby-snow-2258","42.11599946022034","sconf_image(""hard/lena.png"")","5","EdgeStrategy.TF_SAME"
"vague-lake-2257","63.19799613952637","sconf_image(""hard/lena.png"")","5","EdgeStrategy.MIRROR"
"desert-galaxy-2256","42.65599966049194","sconf_image(""hard/lena.png"")","4","EdgeStrategy.TF_SAME"
"peach-frog-2255","62.46299481391907","sconf_image(""hard/lena.png"")","4","EdgeStrategy.MIRROR"
"dandy-flower-2254","48.860997915267944","sconf_image(""hard/lena.png"")","3","EdgeStrategy.TF_SAME"
"clean-gorge-2253","79.08899998664856","sconf_image(""hard/lena.png"")","3","EdgeStrategy.MIRROR"
"effortless-snow-2252","55.55100083351135","sconf_image(""hard/lena.png"")","2","EdgeStrategy.TF_SAME"
"worldly-firebrand-2251","85.4513955116272","sconf_image(""hard/lena.png"")","2","EdgeStrategy.MIRROR"
"dutiful-pine-2250","68.34599876403809","sconf_image(""hard/lena.png"")","1","EdgeStrategy.TF_SAME"
"dry-wildflower-2249","77.16800236701965","sconf_image(""hard/lena.png"")","1","EdgeStrategy.MIRROR"
"curious-bee-2248","32.91700100898743","sconf_image(""hard/lena.png"")","0","EdgeStrategy.TF_SAME"
"major-wood-2247","60.077996015548706","sconf_image(""hard/lena.png"")","0","EdgeStrategy.MIRROR"
"sage-monkey-2246","36.22099494934082","sconf_image(""hard/arch.png"")","14","EdgeStrategy.TF_SAME"
"balmy-bush-2245","51.96200156211853","sconf_image(""hard/arch.png"")","14","EdgeStrategy.MIRROR"
"glad-blaze-2244","60.13300013542175","sconf_image(""hard/arch.png"")","13","EdgeStrategy.TF_SAME"
"giddy-brook-2243","73.61700057983398","sconf_image(""hard/arch.png"")","13","EdgeStrategy.MIRROR"
"cosmic-firefly-2242","39.2449996471405","sconf_image(""hard/arch.png"")","12","EdgeStrategy.TF_SAME"
"sandy-bird-2241","73.61799955368042","sconf_image(""hard/arch.png"")","12","EdgeStrategy.MIRROR"
"wobbly-serenity-2240","57.27799963951111","sconf_image(""hard/arch.png"")","11","EdgeStrategy.TF_SAME"
"winter-leaf-2239","71.04600024223328","sconf_image(""hard/arch.png"")","11","EdgeStrategy.MIRROR"
"golden-meadow-2238","49.36799740791321","sconf_image(""hard/arch.png"")","10","EdgeStrategy.TF_SAME"
"swift-valley-2237","70.23600125312805","sconf_image(""hard/arch.png"")","10","EdgeStrategy.MIRROR"
"ruby-glitter-2236","61.637651205062866","sconf_image(""hard/arch.png"")","9","EdgeStrategy.TF_SAME"
"snowy-water-2235","66.57600021362305","sconf_image(""hard/arch.png"")","9","EdgeStrategy.MIRROR"
"ethereal-snowflake-2234","62.5380003452301","sconf_image(""hard/arch.png"")","8","EdgeStrategy.TF_SAME"
"clean-hill-2233","72.24499893188477","sconf_image(""hard/arch.png"")","8","EdgeStrategy.MIRROR"
"daily-deluge-2232","45.84798336029053","sconf_image(""hard/arch.png"")","7","EdgeStrategy.TF_SAME"
"genial-sunset-2231","76.99100089073181","sconf_image(""hard/arch.png"")","7","EdgeStrategy.MIRROR"
"sandy-shadow-2230","52.16100025177002","sconf_image(""hard/arch.png"")","6","EdgeStrategy.TF_SAME"
"fearless-frog-2229","82.2200288772583","sconf_image(""hard/arch.png"")","6","EdgeStrategy.MIRROR"
"clear-terrain-2228","50.09200072288513","sconf_image(""hard/arch.png"")","5","EdgeStrategy.TF_SAME"
"dutiful-snow-2227","70.95399951934814","sconf_image(""hard/arch.png"")","5","EdgeStrategy.MIRROR"
"warm-oath-2226","57.898000717163086","sconf_image(""hard/arch.png"")","4","EdgeStrategy.TF_SAME"
"devoted-universe-2225","90.67699599266052","sconf_image(""hard/arch.png"")","4","EdgeStrategy.MIRROR"
"brisk-rain-2224","59.243999004364014","sconf_image(""hard/arch.png"")","3","EdgeStrategy.TF_SAME"
"treasured-moon-2223","85.11499977111816","sconf_image(""hard/arch.png"")","3","EdgeStrategy.MIRROR"
"crisp-plasma-2222","69.83199739456177","sconf_image(""hard/arch.png"")","2","EdgeStrategy.TF_SAME"
"curious-vortex-2221","95.60233545303343","sconf_image(""hard/arch.png"")","2","EdgeStrategy.MIRROR"
"hardy-shadow-2220","85.00300097465515","sconf_image(""hard/arch.png"")","1","EdgeStrategy.TF_SAME"
"earnest-dew-2219","111.38899850845335","sconf_image(""hard/arch.png"")","1","EdgeStrategy.MIRROR"
"happy-fog-2218","61.44699907302856","sconf_image(""hard/arch.png"")","0","EdgeStrategy.TF_SAME"
"fanciful-dream-2217","87.88225221633911","sconf_image(""hard/arch.png"")","0","EdgeStrategy.MIRROR"